<zimlet name="it_seacom_aruba_pec" version="2.0" label="${msg.label}" description="${msg.description}">
	<include>it_seacom_aruba_pec.js</include>
	<include>lib/CryptoJS v3.1.2/rollups/tripledes.js</include>
	<include>lib/CryptoJS v3.1.2/components/mode-ecb.js</include>
	<include>lib/CryptoJS v3.1.2/components/enc-base64.js</include>
	<includeCSS>it_seacom_aruba_pec.css</includeCSS>
	<handlerObject>it_seacom_aruba_pec_handler</handlerObject>
	<contentObject type="email">
		<matchOn>
			<regex attrs="ig">\b(Destinatari\/o:[ ]*)+([0-9a-zA-Z]+[.&amp;#!$%'*+-/=?^_`{}|~])*[0-9a-zA-Z_-]+@([-0-9a-zA-Z]+[.])+[a-zA-Z]{2,6}([\w/_\.]*(\?\S+)?)\b</regex>
		</matchOn>
		<contextMenu>
			<menuItem label="${msg.showWebmailPEC}" icon="pec-panelIcon" id="SHOWPEC"/>
		</contextMenu>
	</contentObject>
	<userProperties>
		<property type="boolean" name="updateOldMetadata" value="false"/>
		<!--<property type="string" name="flagIdxStart" value="0"/>-->
	</userProperties>
</zimlet>
